english;français;Date;Nb;Score;Taux;Query;bad_word;image;image_good
scarcely;à peine;09/03/2011;1;1;1;;;;
to hint;insinuer, suggérer (h…);09/03/2011;1;1;1;;;;
to clutter;encombrer;09/03/2011;1;1;1;;;;
an apron;un tablier;09/03/2011;2;2;1;;;;
to monitor;surveiller;09/03/2011;2;2;1;;;;
a comb;un peigne;09/03/2011;2;2;1;;;;
a misconception;une idée fausse;09/03/2011;4;4;1;;;;
a streak;une rayure, une trace;09/03/2011;3;3;1;;;;
to pledge;promettre (solennellement);09/03/2011;4;4;1;;;;
a bargain;un marché, une affaire (b…);09/03/2011;4;4;1;;;;
to keen;désirer (k…);09/03/2011;4;4;1;;;;
lead (common name);le plomb;09/03/2011;7;7;1;;;;
to wither;se dessécher, se faner;09/03/2011;7;7;1;;;;
a drawer;un tiroir;09/03/2011;7;7;1;;;;
to catch a glimpse of;entrevoir (expr…);09/03/2011;8;8;1;;;;
native to;originaire de;09/03/2011;9;9;1;;;;
Would you mind if …?;Cela vous dérangerait-il si … ?;09/03/2011;9;9;1;;;;
a proficiency;une capacité (p…);09/03/2011;9;7;0,777777778;;;;
Paying John a visit;Rendre visite à John;09/03/2011;8;6;0,75;;;;
a dump;un tas, un amas, un dépôt (d…);09/03/2011;15;11;0,733333333;;;;
a realm;un domaine (r…);09/03/2011;6;4;0,666666667;;;;
to fetch;venir chercher quelqu'un;09/03/2011;5;3;0,6;;;;
utter;complet, absolu (u…);09/03/2011;5;3;0,6;;;;
How about a cup of tea?;Que dirais-tu d'une tasse de thé ?;09/03/2011;10;6;0,6;;;;
What good is …?;A quoi sert … ?;09/03/2011;9;5;0,555555556;;;;
divisive;qui sème la discorde;09/03/2011;9;5;0,555555556;;;;
to lurk;se cacher (to l…);09/03/2011;8;4;0,5;;;;
a dam;un barrage;09/03/2011;4;2;0,5;;;;
to wrestle with;lutter contre (w…);09/03/2011;8;4;0,5;;;;
How long does it take?;Combien de temps cela dure-t-il ?;09/03/2011;8;4;0,5;;;;
How far is it from here?;Est-ce que c'est loin d'ici ?;09/03/2011;7;3;0,428571429;;;;
from now on;à partir de maintenant;09/03/2011;7;3;0,428571429;;;;
go-ahead;actif (g…);09/03/2011;5;1;0,2;;;;
cutting-edge;dernier cri;09/03/2011;0;0;0;;;;
a hardship;une fatigue, une épreuve;09/03/2011;0;0;0;;;;
namely;à savoir;09/03/2011;0;0;0;;;;
genuine;authentique (g…);09/03/2011;2;0;0;;;;
It turns out that ...;Il semble que …;09/03/2011;6;0;0;;;;
a syllabus;un programme scolaire;09/03/2011;4;0;0;;;;
a jolt;une secousse (j…);09/03/2011;3;-1;-0,333333333;;;;
a lane;une voie d'autoroute;09/03/2011;1;-1;-1;;;;
hectic;(rythme) effréné (h…);09/03/2011;1;-1;-1;;;;
a spade, a shovel;une pelle;05/09/2013;2;2;1;;;;
ore (common name);le minerai;05/09/2013;2;2;1;;;;
a kidney;un rein;05/09/2013;3;3;1;;;;
the liver;le foie;05/09/2013;9;9;1;;;;
the navel;le nombril;05/09/2013;9;9;1;;;;
a foreman;un contremaître;05/09/2013;10;8;0,8;;;;
a bump;une bosse;05/09/2013;13;7;0,538461538;;;;
crutches (plural common name);les béquilles;05/09/2013;11;5;0,454545455;;;;
a slash;une coupure;05/09/2013;0;0;0;;;;
a joint (anat.);une articulation;05/09/2013;0;0;0;;;;
to thump;palpiter;05/09/2013;0;0;0;;;;
a legal limbo;un vide juridique;05/09/2013;0;0;0;;;;
a recipient;un destinataire / un bénéfice / un rabais, une remise, un remboursement / un receveur (d’organe);05/09/2013;7;-1;-0,142857143;;;;
the bladder;la vessie;05/09/2013;1;-1;-1;;;;
to market;commercialiser;13/12/2013;2;2;1;;;;
a turnkey project;un projet clés en main;13/12/2013;1;1;1;;;;
deluxe;somptueux, de grand standing;13/12/2013;1;1;1;;;;
a debtor;un débiteur;13/12/2013;2;2;1;;;;
to run out;expirer, s’épuiser, venir à manquer;13/12/2013;1;1;1;;;;
a creditor;un créancier;13/12/2013;2;2;1;;;;
power (common name);le pouvoir / l'énergie, l'électricité;13/12/2013;1;1;1;;;;
a scheme;un plan, un système (s…);13/12/2013;2;2;1;;;;
mainstream (adj.);majoritaire;13/12/2013;1;1;1;;;;
an invoice;une facture (i…);13/12/2013;2;2;1;;;;
to spill;se renverser, se répandre;13/12/2013;3;3;1;;;;
a shelter;un abri;13/12/2013;2;2;1;;;;
a remote control;une télécommande;13/12/2013;2;2;1;;;;
sneakers;des chaussures de sport;13/12/2013;2;2;1;;;;
a portfolio;un portefeuille (fin.);13/12/2013;2;2;1;;;;
to sue;poursuivre en justice;13/12/2013;2;2;1;;;;
a quarter;un trimestre / une pièce de vingt-cinq cents;13/12/2013;3;3;1;;;;
a landmark;un point de repère;13/12/2013;3;3;1;;;;
to sag;dégringoler, fléchir;13/12/2013;4;4;1;;;;
a merger;une fusion (écon.);13/12/2013;4;4;1;;;;
subcontracting (common name);la sous-traitance (s…);13/12/2013;5;5;1;;;;
a night shift;une équipe de nuit / un poste de nuit;13/12/2013;6;6;1;;;;
a convict;un condamné (dr.);13/12/2013;6;6;1;;;;
refillable;rechargeable, réutilisable;13/12/2013;5;5;1;;;;
a dish;un plat, une assiette / une antenne parabolique;13/12/2013;5;5;1;;;;
to dive;plonger, faire de la plongée;13/12/2013;6;6;1;;;;
to spot;repérer;13/12/2013;5;5;1;;;;
to shrink;se réduire;13/12/2013;6;6;1;;;;
to lay off;licencier;13/12/2013;5;5;1;;;;
an equity;une action (finance, e…);13/12/2013;7;7;1;;;;
social security benefits;les prestations sociales;13/12/2013;6;6;1;;;;
rates and taxes;les impôts et contributions;13/12/2013;6;6;1;;;;
to skyrocket;monter en flèche;13/12/2013;6;6;1;;;;
a joint-venture;une co-entreprise;13/12/2013;8;8;1;;;;
gas (common name);l'essence (US English / g...);13/12/2013;7;7;1;;;;
back-up (adj.);supplémentaire, de réserve;13/12/2013;7;7;1;;;;
a threshold;un seuil;13/12/2013;7;7;1;;;;
an Automated Teller Machine (ATM);un distributeur automatique;13/12/2013;7;7;1;;;;
a will;une volonté / un testament;13/12/2013;7;7;1;;;;
commensurate with;de même mesure que, proportionné à;13/12/2013;8;8;1;;;;
the membership;l'adhésion / le nombre des membres;13/12/2013;9;9;1;;;;
to ship;expédier;13/12/2013;8;8;1;;;;
an executive board;un conseil de direction;13/12/2013;8;8;1;;;;
tax;les impôts;13/12/2013;8;8;1;;;;
to find out;se renseigner, trouver, découvrir;13/12/2013;8;8;1;;;;
by proxy;par procuration;13/12/2013;9;9;1;;;;
an endeavour;un effort;13/12/2013;9;9;1;;;;
dealings (common name);des transactions;13/12/2013;1;1;1;;;;
fuel;du carburant, du combustible;13/12/2013;10;8;0,8;;;;
to step up;augmenter le rythme;13/12/2013;10;8;0,8;;;;
a bribe;un pot-de-vin;13/12/2013;10;8;0,8;;;;
a clerk;un employé, un commis (c…);13/12/2013;8;6;0,75;;;;
an occupation;une profession (o…);13/12/2013;8;6;0,75;;;;
a return (écon.);un rendement;13/12/2013;7;5;0,714285714;;;;
credit rating (common name);la solvabilité;13/12/2013;6;4;0,666666667;;;;
an announcement;un avis, une annonce;13/12/2013;6;4;0,666666667;;;;
remote;lointain, éloigné / ancien;13/12/2013;11;7;0,636363636;;;;
an assignment;une assignation, une affectation;13/12/2013;11;7;0,636363636;;;;
health benefits;les indemnités maladie;13/12/2013;5;3;0,6;;;;
accordingly;en conséquence (a…);13/12/2013;5;3;0,6;;;;
red tape (expr.);la bureaucratie, la paperasserie;13/12/2013;5;3;0,6;;;;
to award;accorder, décerner (a…);13/12/2013;9;5;0,555555556;;;;
a refund;un remboursement;13/12/2013;9;5;0,555555556;;;;
a redeployment;une reconversion;13/12/2013;4;2;0,5;;;;
caution (common name);la prudence;13/12/2013;4;2;0,5;;;;
an overdraft;un découvert;13/12/2013;4;2;0,5;;;;
rubber (common name);le caoutchouc;13/12/2013;8;4;0,5;;;;
to reschedule;reporter;13/12/2013;7;3;0,428571429;;;;
to enroll;s’inscrire (e…);13/12/2013;3;1;0,333333333;;;;
a mortgage;une hypothèque;13/12/2013;3;1;0,333333333;;;;
moonlighting (common name);du travail non déclaré, un cumul d’emploi;13/12/2013;3;1;0,333333333;;;;
capital goods;les biens d’équipement;13/12/2013;3;1;0,333333333;;;;
stock taking (common name);un inventaire (s…);13/12/2013;3;1;0,333333333;;;;
affluence;l'abondance, la richesse (a…);13/12/2013;6;2;0,333333333;;;;
in effect;en vigueur;13/12/2013;7;1;0,142857143;;;;
an auction;une vente aux enchères (a…);13/12/2013;2;0;0;;;;
well-off;aisé, riche (w…);13/12/2013;4;0;0;;;;
to allocate;allouer, attribuer;13/12/2013;0;0;0;;;;
round the clock;24h/24;13/12/2013;0;0;0;;;;
a rally;un évènement, une réunion;13/12/2013;0;0;0;;;;
a trolley;un chariot;13/12/2013;0;0;0;;;;
supply & demand;l’offre & la demande;13/12/2013;0;0;0;;;;
to disclose;divulguer, dévoiler;13/12/2013;0;0;0;;;;
a middle man;un intermédiaire;13/12/2013;0;0;0;;;;
to pile up;s’accumuler;13/12/2013;0;0;0;;;;
to put through;conclure, mener à bien / mettre en communication;13/12/2013;0;0;0;;;;
premises (adj.) (prèmissiz);locaux;13/12/2013;0;0;0;;;;
professionnal people;les personnes de profession libérale;13/12/2013;0;0;0;;;;
a shipment;une cargaison, un fret, une expédition;13/12/2013;0;0;0;;;;
to amend;modifier;13/12/2013;0;0;0;;;;
a manslaughter;un homicide involontaire;13/12/2013;0;0;0;;;;
an officer;un officier / un fonctionnaire, un membre du comité directeur;13/12/2013;0;0;0;;;;
to dispatch;expédier, envoyer (d…);13/12/2013;2;0;0;;;;
a grant;une subvention, une allocation, une bourse (g…);13/12/2013;2;0;0;;;;
staggering;incroyable, saisissant;13/12/2013;2;0;0;;;;
pervasive;envahissant (p…);13/12/2013;2;0;0;;;;
household goods;les produits ménagers;13/12/2013;6;0;0;;;;
a pink slip;une lettre de licenciement;13/12/2013;2;0;0;;;;
freight (common name);le fret;13/12/2013;0;0;0;;;;
sales (common name);les soldes / le chiffre d’affaire / le départment commercial;13/12/2013;0;0;0;;;;
liability;la responsabilité (jurid.);13/12/2013;0;0;0;;;;
to remodel;réorganiser, remanier;13/12/2013;8;0;0;;;;
a release;une publication, une parution / une libération;13/12/2013;0;0;0;;;;
bank holiday;un jour férié, un jour chômé légal;13/12/2013;0;0;0;;;;
a zipper;une fermeture éclair;13/12/2013;0;0;0;;;;
throughout;tout au long de;13/12/2013;0;0;0;;;;
income tax;l'impôt sur le revenu;13/12/2013;0;0;0;;;;
to draw up;établir, rédiger;13/12/2013;0;0;0;;;;
a contribution;une cotisation;13/12/2013;5;-1;-0,2;;;;
mail-order (common name);l'achat par correspondance;13/12/2013;5;-1;-0,2;;;;
subsidized;subventionné;13/12/2013;5;-1;-0,2;;;;
knowledg(e)able;bien informé, compétent (k…);13/12/2013;6;-2;-0,333333333;;;;
critical;crucial;13/12/2013;3;-1;-0,333333333;;;;
to scatter;éparpiller, disperser;13/12/2013;4;-2;-0,5;;;;
foodstuffs;les denrées alimentaires;13/12/2013;4;-2;-0,5;;;;
the deposit;les arrhes (d…);13/12/2013;5;-3;-0,6;;;;
reengineering (common name);une reconfiguration, un reconception;13/12/2013;7;-5;-0,714285714;;;;
an extension;un report d’échéance (e…);13/12/2013;7;-5;-0,714285714;;;;
a conveyor;un transporteur, un tapis roulant;13/12/2013;1;-1;-1;;;;
a corporate lawyer;un juriste d’entreprise;13/12/2013;2;-2;-1;;;;
regardless of;sans tenir compte de;13/12/2013;1;-1;-1;;;;
advanced;supérieur, poussé, de pointe;13/12/2013;1;-1;-1;;;;
a department store;un grand magasin;13/12/2013;1;-1;-1;;;;
incoming mail;le courrier du jour;13/12/2013;1;-1;-1;;;;
to swap;échanger (s…);13/12/2013;3;-3;-1;;;;
the corporate image;l'image de marque d’une société;13/12/2013;5;-5;-1;;;;
to qualify;remplir les conditions;13/12/2013;1;-1;-1;;;;
pennyworth;pour un penny;15/04/2018;6;6;1;;;;
towed;remorqué;16/04/2018;2;2;1;;;;
We need a few more chairs.;Nous avons besoin de quelques chaises supplémentaires.;16/04/2018;5;5;1;;;;
I'm seeing Pat tonight.;Je passe voir Patrick ce soir.;16/04/2018;5;5;1;;;;
lots of (coll.);des tas de;16/04/2018;6;6;1;;;;
to hearken;écouter;16/04/2018;7;7;1;;;;
He has taken to stay in bed till noon.;Il s'est mis à rester au lit jusqu'à midi.;16/04/2018;9;9;1;;;;
Having eaten more than usual, I felt sick.;Ayant mangé plus que d'habitude, je suis tombé malade.;16/04/2018;10;9;0,9;;;;
She's hoarse, she's been singing all night.;Elle est enrouée, elle a chanté toute la nuit.;16/04/2018;9;8;0,888888889;;;;
a burden; une charge, un fardeau (b…);16/04/2018;14;12;0,857142857;;;;
I smoked a lot when I was young (I was smoking).;J'ai beaucoup fumé dans ma jeunesse.;16/04/2018;13;11;0,846153846;;;;
She could have won the beauty contest, only she didn't give a damn.;Elle aurait pu gagner le concours de beauté, si seulement elle n'en avait pas qu'à sa tête.;16/04/2018;13;11;0,846153846;;;;
We had a lot of difficulty finding this house.;Nous avons eu de nombreuses difficultés à trouver cette maison.;16/04/2018;8;6;0,75;;;;
I wish Paul had told them the truth.;J'aurais aimé que Paul leur dise la vérité.;16/04/2018;8;6;0,75;;;;
I would rather you hadn't told me.;J'aurais préféré que tu ne me le dises pas.;16/04/2018;13;9;0,692307692;;;;
Hilary was sitting at the dressing table, brushing her hair.;Hilary était assise à la coiffeuse, peignant ses cheveux.;16/04/2018;11;5;0,454545455;;;;
a stroke;un coup / un AVC;16/04/2018;3;1;0,333333333;;;;
I was glad I got a letter from him yesterday.;J'ai été content de recevoir une lettre de sa part hier.;16/04/2018;10;3;0,3;;;;
to skim;parcourir, feuilleter;16/04/2018;2;0;0;;;;
the greenhouse effect;l'effet de serre;19/04/2018;0;0;0;;;;
The Secretary of State;le Premier Ministre américain;17/05/2018;1;1;1;;;;
a dish-washer;un lave-vaisselle;17/05/2018;1;1;1;;;;
a crust;une croûte (de pâte);17/05/2018;1;1;1;;;;
fiery;ardent, enflammé;17/05/2018;1;1;1;;;;
to be in good shape;être en bonne forme;17/05/2018;2;2;1;;;;
Queen Elizabeth;La Reine d'Angleterre Elizabeth II;17/05/2018;3;3;1;;;;
an ox / two oxen;un bœuf / deux bœufs;17/05/2018;2;2;1;;;;
glassware;la verrerie;17/05/2018;3;3;1;;;;
a tip;un conseil, un tuyau / un pourboire;17/05/2018;4;4;1;;;;
to tighten the brakes;resserrer les freins (automobile);17/05/2018;4;4;1;;;;
How about that for economical use of the langage?;N'est-ce pas un emploi économe de la langue ?;17/05/2018;4;4;1;;;;
The cupboard is bare.;Le placard est vide.;17/05/2018;5;5;1;;;;
a turnover;un chiffre d'affaire / une rotation (de personnel ou de matériel);17/05/2018;6;6;1;;;;
He's not exactly hard up.;Il n'est pas vraiment fauché.;17/05/2018;5;5;1;;;;
leatherware;la maroquinerie;17/05/2018;6;6;1;;;;
to search;fouiller, chercher;17/05/2018;6;6;1;;;;
to wash up (USA);se laver;17/05/2018;6;6;1;;;;
millions of people;des millions de personnes;17/05/2018;6;6;1;;;;
The mob stabbed the policeman to death.;La foule a poignardé le policier à mort.;17/05/2018;6;6;1;;;;
Put on some warm clothes.;Mettez des vêtements chauds.;17/05/2018;9;9;1;;;;
There was a small dent in the casing, so the salesman knocked off 10%.;Il y avait une petite bosse dans le carter, et le vendeur a fait un rabais de 10%.;17/05/2018;7;7;1;;;;
Hamilton agreed to give up on one condition.;Hamilton accepta de renoncer à une seule condition.;17/05/2018;8;8;1;;;;
Lord Hinkley is definitely upper crust.;Lord Hinkley fait vraiment partie du gratin.;17/05/2018;8;8;1;;;;
Be quiet and don't get in my way.;Reste tranquille et ne me gêne pas.;17/05/2018;8;8;1;;;;
The information is updated every three months.;Les informations sont mises à jour tous les trois mois.;17/05/2018;8;8;1;;;;
How are you making out at your new job?;Comment te débrouilles-tu dans ton nouveau boulot ?;17/05/2018;8;8;1;;;;
I don't believe in fairies!;Je ne crois pas aux contes de fée !;17/05/2018;8;8;1;;;;
The children are awake. There goes our lie-in.;Les enfants sont réveillés. Adieu notre grasse matinée.;17/05/2018;8;8;1;;;;
What do you think about the plan to build a by-pass around the village?;Que pensez-vous du projet de construire une rocade autour du village ?;17/05/2018;8;8;1;;;;
I will retire when I'm thirty.;Je prendrai ma retraite quand j'aurai 30 ans.;17/05/2018;8;8;1;;;;
If you don't pay the bill, they'll cut off the electricity.;Si tu ne paies pas ta facture, ils vont te couper l'électricité.;17/05/2018;9;9;1;;;;
It happens all too often.;Cela arrive bien trop souvent.;17/05/2018;9;9;1;;;;
Cricket is looked on as an institution in Australia.;Le cricket est considéré comme une institution en Australie.;17/05/2018;14;13;0,928571429;;;;
to buy sthg on hire purchase;acheter quelque chose à crédit;17/05/2018;12;11;0,916666667;;;;
Don't make up your mind straight away. Think about it for a bit.;Ne vous faites pas votre avis sur la question tout de suite. Réfléchissez-y un moment.;17/05/2018;17;15;0,882352941;;;;
You can buy your clothes here if you want, but you'll through the nose.;Tu peux acheter tes vêtements ici si tu veux, mais tu va payer le prix fort.;17/05/2018;17;15;0,882352941;;;;
one million people;un million de personnes;17/05/2018;15;13;0,866666667;;;;
The information is misleading.;Les informations sont trompeuses.;17/05/2018;15;13;0,866666667;;;;
Churchill was a great wielder of the english language, and this overly formal style annoyed him.;Churchill maniait formidablement bien la langue anglaise, et ce style trop formel l'agaça.;17/05/2018;7;6;0,857142857;;;;
We can put you up in David's room.;Nous pouvons t'héberger dans la chambre de David.;17/05/2018;7;6;0,857142857;;;;
washing up liquid (UK) / dish-soap (USA);le liquide vaisselle;17/05/2018;14;12;0,857142857;;;;
He was pushing for a pay rise.;Il insistait pour avoir une augmentation de salaire.;17/05/2018;13;11;0,846153846;;;;
Governments expenditures have been brought down.;Les dépenses gouvernementales ont été réduites.;17/05/2018;13;11;0,846153846;;;;
We had to trudge three miles across the fields into the pouring rain.;Nous avons dû marcher péniblement pendant 5 km à travers champs sous une pluie battante.;17/05/2018;12;10;0,833333333;;;;
You won't get much sleep.;Tu ne dormiras pas beaucoup.;17/05/2018;12;10;0,833333333;;;;
It slipped my mind.;Ca m'est sorti de la tête.;17/05/2018;12;10;0,833333333;;;;
to make a mountain out of a molehill;exagérer l'importance de qq chose (expr.);17/05/2018;11;9;0,818181818;;;;
to let the cat out of the bag;vendre la mèche;17/05/2018;10;8;0,8;;;;
Did you know that Simon got married last month? No, who to?;Savais-tu que Simon s'était marié le mois dernier ? Non, avec qui ?;17/05/2018;15;12;0,8;;;;
I'll look after the kids.;Je garderai les enfants.;17/05/2018;20;16;0,8;;;;
Cheaper still is to hitch-hike.;Encore moins cher : faire de l'auto-stop.;17/05/2018;14;11;0,785714286;;;;
One person in three in Birmingham ends up before the courts.;Une personne sur trois à Birmingham se retrouve devant la justice.;17/05/2018;9;7;0,777777778;;;;
Do you have anything on this evening?;As-tu quelque chose de prévu ce soir ?;17/05/2018;9;7;0,777777778;;;;
to stay half-board in a hotel;prendre une demi-pension dans un hôtel;17/05/2018;9;7;0,777777778;;;;
She has the information at her fingertips.;Elle connaît son sujet sur le bout des doigts.;17/05/2018;9;7;0,777777778;;;;
What time is the news on?;A quelle heure passent les informations ?;17/05/2018;9;7;0,777777778;;;;
classical;célèbre / référence / qui relève soit de l'antiquité, soit du XVIIIème siècle;17/05/2018;7;5;0,714285714;;;;
I've almost finished packing. There are just a few odds and ends to finish.;J'ai presque fini de faire les valises. Il reste juste deux-trois bricoles à finir.;17/05/2018;7;5;0,714285714;;;;
And now for item seven on the agenda…;Et maintenant, le septième point de l'ordre du jour ...;17/05/2018;7;5;0,714285714;;;;
We stopped over in Los Angeles on our way to Hawaii.;Nous avons fait escale à Los Angeles dans notre voyage pour Hawaii.;17/05/2018;7;5;0,714285714;;;;
Would you mind paying for your drink? I'll get this, Mike.;Voulez-vous bien régler vos consommations ? C'est moi qui t'invite, Mike.;17/05/2018;7;5;0,714285714;;;;
I've had many an appreciative audience, but never anything like this.;J'ai eu de nombreux publics enthousiastes, mais jamais encore comme celui-ci.;17/05/2018;10;7;0,7;;;;
Henson was interested in the deal, but he pulled out at the last minute.;Henson était intéressé par l'affaire, mais il s'est retiré à la dernière minute.;17/05/2018;10;7;0,7;;;;
"""You take the Tube but you ride the Subway""";Métros londonien et new-yorkais;17/05/2018;13;9;0,692307692;;;;
You're telling me!;Tu parles !;17/05/2018;13;9;0,692307692;;;;
The mayor and corporation (UK);Le maire et ses conseillers;17/05/2018;13;9;0,692307692;;;;
He was convicted of embezzlement.;Il a été condamné pour détournement de fonds.;17/05/2018;6;4;0,666666667;;;;
The United States is on home ground.;Les Etats-Unis sont chez eux.;17/05/2018;9;6;0,666666667;;;;
I hate living out a suitcase.;Je déteste avoir peu d'affaires;17/05/2018;12;8;0,666666667;;;;
Don't shout at your employees.;Ne criez pas sur vos employés.;17/05/2018;11;7;0,636363636;;;;
Fancy Michael getting married so quickly!;Qui aurait pu imaginer que Michael se marierait si vite !;17/05/2018;21;13;0,619047619;;;;
When the rugby team arrived, the situation really got out of hand.;Lorsque l'équipe de rugby est arrivée, la situation est devenue incontrôlable.;17/05/2018;18;11;0,611111111;;;;
a gallup poll;un sondage d'opinion;17/05/2018;5;3;0,6;;;;
Could you go over your explanation again, please?;Pourriez-vous répéter votre explication, s'il vous plaît ?;17/05/2018;10;6;0,6;;;;
I'm snowed under with work.;Je suis débordé de travail.;17/05/2018;9;5;0,555555556;;;;
The Chancellor of the Exchequer;Le Ministre anglais des Finances;17/05/2018;13;7;0,538461538;;;;
a waffle;une gauffre / un baratin;17/05/2018;13;7;0,538461538;;;;
His negative attitude put me off completely.;Son attitude négative m'a complètement refroidi.;17/05/2018;4;2;0,5;;;;
The MP for Birmingham North polled 20% of the votes.;Le député de Birmingham Nord a recueilli 20% des voix.;17/05/2018;4;2;0,5;;;;
to see the writing on the wall;prévoir quelque chose de menaçant, la fin de quelque chose (expr.);17/05/2018;8;4;0,5;;;;
Could you put the meeting off until ten o'clock?;Pourriez-vous remettre le rendez-vous à 10 heures ?;17/05/2018;15;7;0,466666667;;;;
You can't rule out this possibility.;Tu ne peux pas exclure cette possibilité.;17/05/2018;7;3;0,428571429;;;;
Don't decide now. Think it over for a few days.;Ne décide pas maintenant. Réfléchis-y pendant quelques jours.;17/05/2018;10;4;0,4;;;;
a socialite;une personne mondaine;17/05/2018;10;4;0,4;;;;
I can't put up with his selfishness any longer.;Je ne peux tolérer son égoïsme plus longtemps.;17/05/2018;10;4;0,4;;;;
Last night, I dreamed of the house we used to spend our holiday in.;La nuit dernière, j'ai rêvé de la maison dans laquelle nous passions nos vacances, dans le temps.;17/05/2018;11;4;0,363636364;;;;
an auction sale;une vente aux enchères;17/05/2018;3;1;0,333333333;;;;
The manager has been sick with the flu' for a week.;Le directeur souffre d'une grippe depuis une semaine.;17/05/2018;15;5;0,333333333;;;;
The Soviet Union was in position of inferiority.;L'URSS était en position d'infériorité.;17/05/2018;6;2;0,333333333;;;;
off-key, out of tune;faux (musique);17/05/2018;9;3;0,333333333;;;;
The batsman threw the ball at the wicket.;Le batteur lança la balle au guichet (cricket).;17/05/2018;18;5;0,277777778;;;;
The new law and order act makes further inroads on individual freedom.;La nouvelle législation sur l'ordre public empiète encore plus sur les libertés individuelles.;17/05/2018;6;1;0,166666667;;;;
Why don't you call in on your way back?;Pourquoi ne ferais-tu pas un saut [chez moi] en revenant ?;17/05/2018;7;1;0,142857143;;;;
interest repayment on a bank loan;le remboursement des intérêts sur un prêt bancaire;17/05/2018;6;0;0;;;;
The last frontier;La frontière de l'espace (métaphorique);17/05/2018;0;0;0;;;;
overtime (common name);les heures supplémentaires;17/05/2018;2;0;0;;;;
wrapper (common name);du papier d'emballage;17/05/2018;2;0;0;;;;
Don't hit me, he whimpered.;Ne me frappez pas, dit-il d'une voix pleurnicharde.;17/05/2018;10;0;0;;;;
What was it like?;Comment est-ce que c'était ?;17/05/2018;8;0;0;;;;
There's a lot to be done.;Il y a beaucoup à faire.;17/05/2018;13;-1;-0,076923077;;;;
Share prices are beginning to pick up rapidly.;Les prix des actions commencent à remonter rapidement.;17/05/2018;10;-2;-0,2;;;;
Matters have come to a head.;Les choses en sont venues à un point critique.;17/05/2018;8;-2;-0,25;;;;
a penny;une pièce d'un cent;17/05/2018;3;-1;-0,333333333;;;;
Neologisms enter the language on tiptoe.;Les néologismes entrent dans la langue sur la pointe des pieds.;17/05/2018;3;-1;-0,333333333;;;;
to soak up the sun;prendre un bain de soleil;17/05/2018;6;-2;-0,333333333;;;;
I worked my way up from the bottom.;Je suis parti du bas de l'échelle.;17/05/2018;8;-4;-0,5;;;;
to wash up (UK);faire la vaisselle;17/05/2018;9;-7;-0,777777778;;;;
a beater (hunting);un rabatteur (chasse);17/05/2018;1;-1;-1;;;;
Work that out!;Débrouille-toi !;17/05/2018;1;-1;-1;;;;
a chatterbox;un moulin à paroles / une personne intarissable;17/05/2018;2;-2;-1;;;;
a flea market;un marché aux puces;27/05/2018;1;1;1;;;;
a prey;une proie;27/05/2018;5;5;1;;;;
to mellow;mûrir, s'adoucir, rendre moelleux;27/05/2018;7;7;1;;;;
figuratively;métaphoriquement;27/05/2018;9;5;0,555555556;;;;
dog-eared;écorné;27/05/2018;0;0;0;;;;
a funnel;un entonnoir;27/05/2018;3;-1;-0,333333333;;;;
high-end;haut de gamme;27/05/2018;9;-7;-0,777777778;;;;
finals;les examens de fin d'année;09/07/2018;6;4;0,666666667;;;;
subsequently;par la suite;09/07/2018;4;2;0,5;;;;
I'm reading computer studies.;J'étudie l'informatique.;10/07/2018;7;7;1;;;;
When you work in HR management, you'll be raking in it.;Quand tu travailleras dans le management des RH, tu gagneras plein d'argent.;10/07/2018;12;10;0,833333333;;;;
to come to an end;toucher à sa fin;15/07/2018;8;8;1;;;;
It's been very nice speaking to you.;Ca m'a fait plaisir de discuter avec vous.;15/07/2018;8;0;0;;;;
to walk-out / a walk-out;se promener / une grève / un retrait;17/07/2018;1;1;1;;;;
thaw (common name);le dégel;17/07/2018;7;5;0,714285714;;;;
ill-mannered;mal élevé;17/07/2018;0;0;0;;;;
to uphold;maintenir, défendre (u…);17/07/2018;2;0;0;;;;
I must fly.;Je dois y aller.;30/07/2018;6;6;1;;;;
tongue-in-cheek;ironique;30/07/2018;6;4;0,666666667;;;;
frantic;frénétique;30/07/2018;6;2;0,333333333;;;;
operations;une unité de production, les sites de production;05/08/2018;7;7;1;;;;
on the lookout for opportunities;en quête d'opportunités;05/08/2018;6;4;0,666666667;;;;
The junior managers won't begin until next Wednesday.;Les cadres juniors ne commenceront que mercredi prochain.;07/08/2018;3;3;1;;;;
It's David Robinson's turn.;C'est au tour de David Robinson.;07/08/2018;6;6;1;;;;
I'm going to be absent from work for several months.;Je vais être absent du travail pendant plusieurs mois.;07/08/2018;15;13;0,866666667;;;;
It's not enough to hold a few of the company's shares to become a member of the board of directors.;Il ne suffit pas de détenir quelques actions de la société pour devenir membre du conseil d'administration.;07/08/2018;11;7;0,636363636;;;;
Better to reserve a hotel room;Mieux vaut réserver une chambre d'hôtel;07/08/2018;12;6;0,5;;;;
In six months, the training will be coming to an end.;Dans six mois, la période de formation touchera à sa fin.;07/08/2018;10;4;0,4;;;;
I was hoping to be able to see you next week.;J'espérais pouvoir te voir la semaine prochaine.;07/08/2018;6;2;0,333333333;;;;
It's a household name.;C'est un nom connu de tous.;13/08/2018;5;5;1;;;;
a fortnight;une quinzaine de jours;13/08/2018;7;7;1;;;;
Kate has arrived in Norwich.;Kate est arrivée à Norwich.;13/08/2018;13;12;0,923076923;;;;
There was not much left for her to tell him.;Elle n'avait plus rien à lui dire.;13/08/2018;9;7;0,777777778;;;;
What would happen if Freddie Birtwhistle were to disappear?;Que se passerait-il si Freddie Birtwhistle venait à disparaître ?;13/08/2018;8;6;0,75;;;;
I'll introduce you to her later on.;Je vais vous la présenter plus tard.;13/08/2018;7;5;0,714285714;;;;
He still drops in quite often to say hello to everyone.;Il passe assez souvent pour dire bonjour à tout le monde.;13/08/2018;5;1;0,2;;;;
to all intents and purposes;pratiquement, en fait (expr.);13/08/2018;8;-8;-1;;;;
Go ahead!;Allez-y !;17/08/2018;13;11;0,846153846;;;;
hands-on experience;l'expérience sur le tas;17/08/2018;9;7;0,777777778;;;;
Her work at the factory has put her off chocolate.;Son travail à l'usine l'a dégoûtée du chocolat.;17/08/2018;13;8;0,615384615;;;;
It does getting a little time getting used to.;C'est vrai qu'il faut un peu de temps pour s'y habituer.;17/08/2018;14;7;0,5;;;;
How are you enjoying it?;Ca te plaît ?;17/08/2018;2;0;0;;;;
Provided they don't close the factory down before then.;A condition qu'ils ne ferment pas l'usine avant.;17/08/2018;8;0;0;;;;
to be taken aback;être surpris, déconcerté, décontenancé;17/08/2018;0;0;0;;;;
We still have to get across Paris.;Nous devons encore traverser Paris.;19/08/2018;14;12;0,857142857;;;;
Labour is not a big element in the cost price.;Le coût de la main d'œuvre n'est pas un élément important dans le coût de revient.;19/08/2018;5;1;0,2;;;;
picketing (common name);des piquets de grève;29/08/2018;1;1;1;;;;
an alienation;un éloignement, un isolement, un détachement;29/08/2018;1;1;1;;;;
to defuse;désamorcer;29/08/2018;3;3;1;;;;
hustings (common name);une campagne électorale;29/08/2018;3;3;1;;;;
an infringement;une infraction, une violation;29/08/2018;3;3;1;;;;
arm twisting;une clé de bras / le forceps (figuré);29/08/2018;6;6;1;;;;
in dissent;en désaccord;29/08/2018;7;7;1;;;;
to stitch up;recoudre / mettre quelqu'un en porte-à-faux;29/08/2018;7;5;0,714285714;;;;
lagging (adv. / adj.);en retard / isolant;29/08/2018;6;4;0,666666667;;;;
a quip;une blague, un sarcasme, une raillerie (q…);29/08/2018;8;4;0,5;;;;
on the whole;dans l'ensemble;29/08/2018;6;2;0,333333333;;;;
way beyond;bien au-delà;29/08/2018;12;4;0,333333333;;;;
to squirm;se tortiller;29/08/2018;3;1;0,333333333;;;;
rubicond;rouge (particulièrement du visage d'une personne);29/08/2018;0;0;0;;;;
to reap;moissonner, faucher;29/08/2018;4;0;0;;;;
nostrum (common name);la panacée;29/08/2018;3;-3;-1;;;;
to err;se tromper / pécher;12/09/2018;3;3;1;;;;
the backbench;In the UK: the benches behind the front benches on either side of the House of Commons, occupied by Members of Parliament who do not hold office in the government or the opposition;24/09/2018;6;6;1;;;;
at stake;en jeu / en danger;25/09/2018;9;7;0,777777778;;;;
open-ended;qui n'a pas de limite clairement déterminée;25/09/2018;2;0;0;;;;
a subsidy;une subvention;25/09/2018;2;0;0;;;;
to rattle;ébranler, déstabiliser / agiter / crépiter;27/09/2018;0;0;0;;;;
a muster;un rassemblement, une réunion (m…);27/09/2018;2;-2;-1;;;;
to disgruntle;contrarier, décevoir;03/10/2018;3;-3;-1;;;;
canvassing (common name);le démarchage, la sollicitation;04/10/2018;11;5;0,454545455;;;;
enticing;séduisant, alléchant, attrayant (e…);04/10/2018;3;1;0,333333333;;;;
grating;grinçant, agaçant, énervant / discordant;17/10/2018;9;9;1;;;;
shackles (common name);les chaînes, les entraves, les fers;17/10/2018;9;7;0,777777778;;;;
stranded;échoué / coincé;17/10/2018;0;0;0;;;;
to epitomise;incarner, résumer (e…);17/10/2018;7;-1;-0,142857143;;;;
avuncular;relatif à un oncle;24/10/2018;0;0;0;;;;
a hothouse;une serre / un foyer de décadence;24/10/2018;2;0;0;;;;
admittedly;de l'aveu de tous;24/10/2018;3;-3;-1;;;;
the jaw;la mâchoire;25/10/2018;9;5;0,555555556;;;;
forensic;relatif au barreau;27/10/2018;2;2;1;;;;
offing (common name);la partie la plus éloignée à l'horizon sur la mer;27/10/2018;11;9;0,818181818;;;;
beforehand;au préalable, auparavant (b…);27/10/2018;2;0;0;;;;
clad (adj.);habillé;28/10/2018;1;1;1;;;;
aies and noes;les oui et les non d'un vote;28/10/2018;6;6;1;;;;
to lull;bercer, apaiser, calmer;28/10/2018;10;8;0,8;;;;
chilly;froid (figuré) / frais;28/10/2018;2;0;0;;;;
ebb and flow;le flux et reflux;30/10/2018;1;1;1;;;;
gubernatorial;du gouverneur;30/10/2018;2;2;1;;;;
throwaway (adj.);jetable / désinvolte;30/10/2018;3;3;1;;;;
a guinea pig;un cochon d'inde / un cobaye;31/10/2018;5;5;1;;;;
wrought;forgé, façonné;31/10/2018;17;15;0,882352941;;;;
foolproof;infaillible (f…);31/10/2018;9;1;0,111111111;;;;
to cull;cueillir / sélectionner / élire;01/11/2018;8;8;1;;;;
the wreath;la couronne, la guirlande;01/11/2018;3;-1;-0,333333333;;;;
gaunt (adj.);décharné, émacié;02/11/2018;4;4;1;;;;
beaten tracks;les sentiers battus;02/11/2018;3;3;1;;;;
earnestness;le sérieux;02/11/2018;8;8;1;;;;
sly (adj.);sournois, rusé;02/11/2018;0;0;0;;;;
a slug;une limace;02/11/2018;1;-1;-1;;;;
a haddock;un églefin;04/11/2018;4;4;1;;;;
frail (adj.);frêle, fragile;04/11/2018;0;0;0;;;;
torpid;engourdi;04/11/2018;6;-2;-0,333333333;;;;
a joggle;une légère secousse (j…);05/11/2018;1;-1;-1;;;;
the brainchild;l'invention due à une personne;11/11/2018;4;4;1;;;;
a rubbing;un frottement / un massage;11/11/2018;7;7;1;;;;
a gale;un coup de vent;11/11/2018;0;0;0;;;;
a clip;une agrafe, une attache;14/11/2018;0;0;0;;;;
to hatch;faire éclore / couver;17/11/2018;3;3;1;;;;
a wayward;un rebelle;18/11/2018;3;3;1;;;;
thorny;épineux;18/11/2018;9;9;1;;;;
unwieldy (adj.);lourd (u…);18/11/2018;6;4;0,666666667;;;;
frenzied;frénétique, désespéré;18/11/2018;6;2;0,333333333;;;;
the elbow room;l'espace vital;19/11/2018;2;2;1;;;;
a disarray;un désarroi / un désordre;20/11/2018;6;2;0,333333333;;;;
a fisticuffs;un accrochage, une bagarre (f…);21/11/2018;3;1;0,333333333;;;;
a landslide;un glissement de terrain, un éboulement;21/11/2018;0;0;0;;;;
a spear;une lance, une pointe;24/11/2018;1;1;1;;;;
heralding (adj.);annonciateur (h…);24/11/2018;7;5;0,714285714;;;;
to bode;présager, augurer;24/11/2018;5;3;0,6;;;;
a chasm;un gouffre;24/11/2018;10;4;0,4;;;;
a slumbering;une sieste, un somme;25/11/2018;3;3;1;;;;
a beacon;une balise, un phare, un fanal;25/11/2018;4;4;1;;;;
a buck;un dollar / un mâle, un mec, quelqu'un d'élégant;04/12/2018;2;2;1;;;;
overarching;global (o…);04/12/2018;9;9;1;;;;
a ploy;un stratagème (p…);04/12/2018;6;4;0,666666667;;;;
half baked;(fig.) mal dégrossi;04/12/2018;7;3;0,428571429;;;;
a straitjacket;une camisole de force;04/12/2018;0;0;0;;;;
the insight;la perspicacité;04/12/2018;5;-3;-0,6;;;;
to forswear;renoncer / parjurer;04/12/2018;4;-4;-1;;;;
a nook;un coin;10/12/2018;1;1;1;;;;
the sow;la truie;10/12/2018;2;2;1;;;;
mire (common name);de la boue;10/12/2018;2;2;1;;;;
a scent;un parfum, une odeur;10/12/2018;4;4;1;;;;
a keep;un donjon / une pension;10/12/2018;3;3;1;;;;
to buttress;soutenir, épauler (b…);10/12/2018;9;3;0,333333333;;;;
in our own day;de nos jours;10/12/2018;8;2;0,25;;;;
a stench;une puanteur, une odeur nauséabonde, un relent;10/12/2018;0;0;0;;;;
a brink;un bord;10/12/2018;0;0;0;;;;
Putting out fires is not improvement of the process. Deming;La réduction des incendies n'est pas l'amélioration du processus. Deming;15/12/2018;10;9;0,9;;;;
a dimwit;une personne limitée mentalement / une personne ignorante;17/12/2018;1;1;1;;;;
a shrapnel;un éclat d'obus;17/12/2018;2;2;1;;;;
diehard (adj.);conservateur / pur et dur;17/12/2018;3;3;1;;;;
shoddy;de mauvaise qualité;17/12/2018;5;5;1;;;;
a chum;un ami (c…);17/12/2018;3;1;0,333333333;;;;
well-heeled;bien nantis;17/12/2018;3;1;0,333333333;;;;
the markups;les balisages / la marge;17/12/2018;2;0;0;;;;
to sow;semer;17/12/2018;0;0;0;;;;
the chest;la poitrine / le coffre (propre et figuré);07/01/2019;2;2;1;;;;
a rope;une corde;07/01/2019;3;3;1;;;;
the clove;le clou de girofle;07/01/2019;5;5;1;;;;
a flail (weapon);un fléau (l'arme);07/01/2019;5;5;1;;;;
looting (common name);le pillage;07/01/2019;6;6;1;;;;
frying (common name);la friture;07/01/2019;5;3;0,6;;;;
a nexus;un lien;07/01/2019;0;0;0;;;;
a pan;une poêle;07/01/2019;0;0;0;;;;
a keyhole;un trou de serrure;28/01/2019;3;3;1;;;;
astatine;l'astate;28/01/2019;4;4;1;;;;
degreasing (common name);le dégraissage;28/01/2019;6;6;1;;;;
a feat;un exploit (f…);28/01/2019;9;9;1;;;;
plain-text;du texte brut;09/03/2019;6;4;0,666666667;;;;
a wall socket;une prise électrique murale;16/03/2019;6;2;0,333333333;;;;
a tin of beans;une boîte de conserve de haricots;24/03/2019;1;1;1;;;;
I'm a size 12.;Je fais du 40 (en taille);24/03/2019;1;1;1;;;;
My pleasure.;Je vous en prie.;24/03/2019;1;1;1;;;;
I fell over.;Je suis tombé.;24/03/2019;3;3;1;;;;
What day is it today ?;Quel jour sommes-nous aujourd'hui ?;24/03/2019;4;4;1;;;;
He lives in the country by preference.;Il a choisi de vivre à la campagne.;24/03/2019;5;5;1;;;;
I'm very outgoing.;Je suis très extraverti.;24/03/2019;5;5;1;;;;
Can you gift-wrap it?;Pouvez-vous me faire un paquet-cadeau ?;24/03/2019;6;6;1;;;;
My arm is very sore.;Mon bras me fait très mal.;24/03/2019;6;6;1;;;;
I'm looking for the bathroom linen section.;Je cherche le rayon du linge de toilette.;24/03/2019;6;6;1;;;;
I failed my exam.;J'ai raté mon examen.;24/03/2019;7;7;1;;;;
a loaf of (sliced) bread;une miche de pain (généralement tranché);24/03/2019;8;8;1;;;;
Is there a cashpoint nearby?;Y a-t-il un distributeur près d'ici ?;24/03/2019;8;8;1;;;;
Could we have the bill, please?;L'addition, s'il vous plaît.;24/03/2019;9;9;1;;;;
to show one's true colours;se montrer sous son vrai jour;24/03/2019;8;8;1;;;;
Is this one in the sale as well?;Est-ce que celui-ci est soldé aussi ?;24/03/2019;9;9;1;;;;
"I've changed my mind; I'll have the fish instead of the meat.";J'ai changé d'avis, je prendrai le poisson au lieu de la viande.;24/03/2019;9;9;1;;;;
I'm going to have to leave you;Je vais devoir vous laisser;24/03/2019;9;9;1;;;;
Could you write that down for me, please?;Pourriez-vous me l'écrire s'il vous plaît ?;24/03/2019;9;9;1;;;;
I'll make a note of it.;Je vais le noter.;24/03/2019;9;9;1;;;;
Break a leg!;Bonne chance !;24/03/2019;9;9;1;;;;
My brother has fallen in love with her.;Mon frère est tombé amoureux d'elle.;24/03/2019;14;13;0,928571429;;;;
A draught beer, please.;Une bière pression s'il vous plaît.;24/03/2019;10;9;0,9;;;;
Cooking really helps me to relax.;Cuisiner m'aide vraiment à me détendre.;24/03/2019;7;6;0,857142857;;;;
I got stung by a wasp / a jellyfish.;Je me suis fait piquer par une guêpe / une méduse.;24/03/2019;14;12;0,857142857;;;;
I've got a temperature.;J'ai de la fièvre.;24/03/2019;13;11;0,846153846;;;;
I like working as part of a team.;J'aime travailler au sein d'une équipe.;24/03/2019;12;10;0,833333333;;;;
This is just not good enough.;Ce n'est tout simplement pas suffisant.;24/03/2019;11;9;0,818181818;;;;
Can you put me through to …?;Pourriez-vous me passer … ?;24/03/2019;10;8;0,8;;;;
What do you recommend as a side?;Que proposez-vous en accompagnement ?;24/03/2019;10;8;0,8;;;;
At what time does the room have to be vacated by?;A quelle heure faut-il libérer la chambre ?;24/03/2019;9;7;0,777777778;;;;
Follow this road up to the crossroads.;Suivez cette rue jusqu'au carrefour.;24/03/2019;9;7;0,777777778;;;;
I graduated in English in 2017.;J'ai obtenu mon diplôme d'anglais en 2017.;24/03/2019;17;13;0,764705882;;;;
Are there boat cruises available?;Y a-t-il des croisières de disponible ?;24/03/2019;8;6;0,75;;;;
Nice one!;Bien joué !;24/03/2019;13;9;0,692307692;;;;
Any time!;Quand tu veux ! (A…);24/03/2019;13;9;0,692307692;;;;
a scarf;une écharpe, un foulard;24/03/2019;6;4;0,666666667;;;;
With regard to the rate of interest paid, ...;Concernant le taux des intérêts versés, …;24/03/2019;18;12;0,666666667;;;;
I hope this information will be of assistance to you.;J'espère que ces informations vous seront utiles.;24/03/2019;6;4;0,666666667;;;;
I wouldn't mind a cup of coffee.;Je prendrais bien une tasse de café.;24/03/2019;6;4;0,666666667;;;;
Can you take us to casualty?;Pouvez-vous nous emmener aux urgences ?;24/03/2019;12;8;0,666666667;;;;
I have been in my current job just over two years.;Cela fait un peu plus de deux ans que j'occupe mon poste actuel.;24/03/2019;18;12;0,666666667;;;;
Do you serve wine by the glass?;Est-ce que vous pouvez servir le vin au verre ?;24/03/2019;11;7;0,636363636;;;;
I have a shower and get dressed.;Je prends une douche et je m'habille.;24/03/2019;10;6;0,6;;;;
His preference is Mozart.;Il préfère Mozart.;24/03/2019;9;5;0,555555556;;;;
What do you do in your spare time ?;Que fais-tu pendant ton temps libre ?;24/03/2019;9;5;0,555555556;;;;
I look forward to doing further business with you.;Dans l'attente de travailler de nouveau avec vous.;24/03/2019;8;4;0,5;;;;
Is it machine washable?;Est-ce lavable en machine ?;24/03/2019;4;2;0,5;;;;
I can be quite shy around new people.;Je suis de nature plutôt timide avec les gens que je ne connais pas.;24/03/2019;10;5;0,5;;;;
I'm not crazy about football.;Je ne suis pas un fou de foot.;24/03/2019;11;5;0,454545455;;;;
Can we get something to eat?;Est-il possible de manger quelque chose ?;24/03/2019;7;3;0,428571429;;;;
Give me a buzz so I can save your number.;Bipe-moi, j'enregistrerai ton numéro.;24/03/2019;13;5;0,384615385;;;;
On balance, I thinks it's a good idea.;Tout bien considéré, je pense que c'est une bonne idée.;24/03/2019;16;6;0,375;;;;
The point I'm trying to make is…;Ce que j'essaie de dire, c'est …;24/03/2019;6;2;0,333333333;;;;
I've got a prescription from my doctor;J'ai une ordonnance de mon médecin;24/03/2019;9;3;0,333333333;;;;
Just a minute - I'm going to put you on speaker so the rest of the team can hear you.;"Un instant je vous prie; je mets le haut-parleur pour que le reste de l'équipe puisse vous entendre.";24/03/2019;15;5;0,333333333;;;;
What would you recommend I bring back to France?;Que me suggérez-vous de ramener en France ?;24/03/2019;11;3;0,272727273;;;;
I've been feeling off-colours ever since I came back from holidays.;Je me sens patraque depuis que je suis rentré de vacances.;24/03/2019;5;1;0,2;;;;
How much is it for a go?;Combien coûte un tour ? (de manège, …);24/03/2019;7;1;0,142857143;;;;
Further to my call this morning, I would like to confirm my order.;Suite à mon appel de ce matin, j'aimerais confirmer ma commande.;24/03/2019;11;1;0,090909091;;;;
to refund;rembourser (soutenu);24/03/2019;0;0;0;;;;
Which stop should I get off to go to …?;A quelle station dois-je descendre pour aller à … ?;24/03/2019;4;0;0;;;;
I'm just having a main course.;Je ne prends qu'un plat.;24/03/2019;8;0;0;;;;
Can you recommend any good places to shop for watches?;Avez-vous un endroit à me conseiller pour acheter des montres ?;24/03/2019;9;-1;-0,111111111;;;;
Let me put another way…;Je vais présenter ça autrement …;24/03/2019;11;-3;-0,272727273;;;;
If you ask me, …;Si vous voulez mon avis, …;24/03/2019;10;-4;-0,4;;;;
I'm always up for a laugh.;Je suis toujours prêt à rigoler.;24/03/2019;4;-2;-0,5;;;;
I can get on with anyone.;Je m'entends bien avec tout le monde.;24/03/2019;9;-5;-0,555555556;;;;
With reference to your recent complaint, …;Suite à votre récente réclamation, …;24/03/2019;4;-4;-1;;;;
I don't see the point of redooing it.;Je ne vois pas l'intérêt de le refaire.;03/04/2019;6;6;1;;;;
It really stands out that he's not a local.;On voit vraiment qu'il n'est pas d'ici.;03/04/2019;7;7;1;;;;
In my lecture, I shall deal with…;Dans ma conférence, je traiterai de …;03/04/2019;8;8;1;;;;
I stared at him aghast.;Je l'ai regardé, atteré.;03/04/2019;8;8;1;;;;
I doubt it.;J'en doute.;03/04/2019;8;8;1;;;;
I'm in two minds about going.;J'hésite à y aller.;03/04/2019;8;8;1;;;;
My date didn't show up.;On m'a posé un lapin.;03/04/2019;8;8;1;;;;
She had a spot soft for Dan.;Elle avait un faible pour Dan.;03/04/2019;9;9;1;;;;
She has strong views on the subject.;Elle a des opinions bien arrêtées sur le sujet.;03/04/2019;8;8;1;;;;
She blushed at the thought.;Elle rougit à cette pensée.;03/04/2019;8;8;1;;;;
I could do with some advice.;Un conseil serait le bienvenu.;03/04/2019;17;15;0,882352941;;;;
Good luck with the exams!;Bonne chance pour les examens !;03/04/2019;15;13;0,866666667;;;;
I don't think very highly of my boss.;Je n'ai pas une très haute opinion de mon responsable.;03/04/2019;14;12;0,857142857;;;;
Make up your mind!;Décidez-vous !;03/04/2019;14;12;0,857142857;;;;
He passed himself off as a hero.;Il s'est fait passé pour un héros.;03/04/2019;11;9;0,818181818;;;;
There's no love lost between them.;Ils se détestent cordialement.;03/04/2019;10;8;0,8;;;;
Don't worry, he's just putting it on.;Ne t'inquiète pas, il fait du cinéma.;03/04/2019;9;7;0,777777778;;;;
It was a piece of cake!;C'était du gâteau !;03/04/2019;9;7;0,777777778;;;;
I was petrified he would tell her.;J'étais mort de peur à l'idée qu'il le lui dise.;03/04/2019;8;6;0,75;;;;
Say hello to him for me.;Dis-lui bonjour de ma part.;03/04/2019;15;11;0,733333333;;;;
Granted, he's not very intelligent, but...;D'accord, il n'est pas très intelligent, mais …;03/04/2019;7;5;0,714285714;;;;
I ran into an old school friend this morning.;Je suis tombé sur un ancien camarade d'école ce matin.;03/04/2019;10;7;0,7;;;;
I've no time for that sort of attitude.;Je ne supporte pas ce genre d'attitude.;03/04/2019;12;8;0,666666667;;;;
Are you clear about what you have to do?;As-tu bien compris ce que tu as à faire ?;03/04/2019;11;7;0,636363636;;;;
My oldest daughter has just turned 20.;Ma fille aînée vient d'avoir 20 ans.;03/04/2019;11;7;0,636363636;;;;
It's plain that she's lying.;Il est évident qu'elle ment. (p…);03/04/2019;11;7;0,636363636;;;;
Their arrival caught me unaware.;Leur arrivée m'a pris au dépourvu.;03/04/2019;4;2;0,5;;;;
By mutual agreement, they went their separate ways.;Ils se sont séparés d'un commun accord.;03/04/2019;8;4;0,5;;;;
Those are my feelings exactly.;Je partage ton sentiment là-dessus.;03/04/2019;8;4;0,5;;;;
We are in no doubt as to her competences.;Nous n'avons aucun doute sur ses compétences.;03/04/2019;7;3;0,428571429;;;;
I'll pick you up from the station.;Je viendrai te chercher à la gare.;03/04/2019;14;6;0,428571429;;;;
If there's anything I can do for you, please let me know.;Si je peux vous aider en quoi que ce soit, n'hésitez pas à me le faire savoir.;03/04/2019;12;4;0,333333333;;;;
We said our goodbyes and left.;Nous avons fait nos adieux et nous sommes partis.;03/04/2019;11;3;0,272727273;;;;
I think I can go along with that.;Je pense pouvoir dire que ça me va.;03/04/2019;8;2;0,25;;;;
In despair, she took her own life.;Désespérée, elle a mis fin à ses jours.;03/04/2019;14;2;0,142857143;;;;
Do you approve of the proposal?;Êtes-vous d'accord avec cette proposition ?;03/04/2019;9;1;0,111111111;;;;
It saddens me to see what becomes of them.;Ca me rend triste de voir ce qu'il sont devenus.;03/04/2019;9;1;0,111111111;;;;
What are you so upset about?;Qu'est-ce qui te met dans cet état ?;03/04/2019;6;-2;-0,333333333;;;;
I'm beginning to get bored.;Je commence à m'ennuyer.;04/04/2019;6;6;1;;;;
Walking in the rain isn't my idea of fun.;Je ne peux pas dire que j'aime marcher sous la pluie.;04/04/2019;6;6;1;;;;
I couldn't care less if he comes or not.;Cela m'est complètement égal qu'il vienne ou non.;04/04/2019;14;12;0,857142857;;;;
You give up too easily.;Tu abandonnes trop facilement.;04/04/2019;10;8;0,8;;;;
This medecine will help ease the pain.;Ce médicament soulagera la douleur.;04/04/2019;14;10;0,714285714;;;;
We'll have to make the best of the situation.;Il faudra nous accommoder de la situation.;04/04/2019;13;9;0,692307692;;;;
She has rings under her eyes.;Elle a des cernes.;04/04/2019;5;3;0,6;;;;
Take no notice of him!;Ne faites pas attention à lui !;04/04/2019;9;5;0,555555556;;;;
Can I get you something to drink?;Est-ce que je peux vous offrir quelque chose à boire ?;04/04/2019;13;7;0,538461538;;;;
Hearing myself say that, I just wanted the ground to open and to swallow me up.;J'aurais voulu disparaître sous terre quand je me suis rendu compte de ce que j'avais dit.;04/04/2019;13;7;0,538461538;;;;
I regret having ever mentioned it now.;Aujourd'hui, je regrette d'en avoir parlé.;04/04/2019;10;4;0,4;;;;
Who cares?;Qu'est-ce que ça peut faire ?;04/04/2019;10;4;0,4;;;;
Have you had any news of her?;Avez-vous eu de ses nouvelles ?;04/04/2019;13;5;0,384615385;;;;
I'm getting thirsty.;Je commence à avoir soif.;04/04/2019;12;3;0,25;;;;
Are you in pain?;Avez-vous mal ?;04/04/2019;5;1;0,2;;;;
It makes no difference to me.;Cela m'est égal.;04/04/2019;11;-3;-0,272727273;;;;
I urged him to accept.;Je lui ai vivement conseillé d'accepter.;06/04/2019;4;4;1;;;;
I owe you £20, is that right?;Je vous dois 20 livres, c'est ça ?;06/04/2019;4;4;1;;;;
Are you quite sure he hasn't left yet?;Etes-vous bien sûr qu'il n'est pas encore parti ?;06/04/2019;4;4;1;;;;
Come tomorrow, preferably in the morning.;Venez demain, de préférence en matinée.;06/04/2019;7;7;1;;;;
I'm dying to know the score of the match.;Je meurs d'envie de connaître le résultat du match.;06/04/2019;9;9;1;;;;
These facts are totally unrelated.;Ces faits sont totalement décorrélés.;06/04/2019;9;9;1;;;;
Like father, like son.;Tel père, tel fils.;06/04/2019;13;12;0,923076923;;;;
Take your time over it.;Prenez le temps qu'il faudra.;06/04/2019;9;7;0,777777778;;;;
(Keep your) Chin up!;Courage !;06/04/2019;8;6;0,75;;;;
This is on me.;C'est moi qui offre.;06/04/2019;13;8;0,615384615;;;;
I've told you hundreds of times!;Je vous l'ai dit cent fois !;06/04/2019;5;3;0,6;;;;
I don't have much faith in him.;Je n'ai pas une très grande confiance en lui.;06/04/2019;15;9;0,6;;;;
She wasn't very convincing as Juliet.;Elle n'était pas très convaincante dans le rôle de Juliette.;06/04/2019;7;1;0,142857143;;;;
When would be the best time for you?;Quelle heure vous conviendrait le mieux ?;06/04/2019;11;1;0,090909091;;;;
He'd have me believe that it's an antique.;Il voudrait me faire croire que c'est un objet d'époque.;06/04/2019;8;0;0;;;;
They weren't at all curious as to how it had happened.;Ils n'étaient pas du tout curieux de savoir comment cela s'était produit.;06/04/2019;9;0;0;;;;
Which do you want? Either one will do.;Lequel veux-tu ? N'importe.;06/04/2019;9;-1;-0,111111111;;;;
Is there anything you need?;Avez-vous besoin de quelque chose ?;06/04/2019;3;-3;-1;;;;
You shouldn't use threatening language.;Vous ne devriez pas faire des menaces.;08/04/2019;7;7;1;;;;
I wouldn't say no to a cold drink.;Je prendrais volontiers une boisson fraîche.;08/04/2019;7;7;1;;;;
They won't take no for an answer.;Ils n'accepteront aucun refus.;08/04/2019;8;8;1;;;;
She was banned from driving for a year.;Elle a eu une suspension de permis de conduire d'un an.;08/04/2019;8;8;1;;;;
She comes to see me whenever possible.;Elle vient me voir quand elle le peut.;08/04/2019;12;10;0,833333333;;;;
They are capable of looking after themselves.;Ils sont capables de se débrouiller tout seuls.;08/04/2019;12;10;0,833333333;;;;
He's quite unsuitable for the job.;Ce n'est pas la personne qu'il faut pour ce poste.;08/04/2019;12;10;0,833333333;;;;
Don't say I didn't warn you!;Je t'aurai prévenu !;08/04/2019;10;8;0,8;;;;
Forget it!;Tu peux oublier !;08/04/2019;9;7;0,777777778;;;;
He is very intolerant of noisy children.;Il ne supporte absolument pas les enfants bruyants.;08/04/2019;9;7;0,777777778;;;;
Just leave it alone, will you!;Ne touche pas à ça, tu m'entends !;08/04/2019;12;9;0,75;;;;
Attendance is compulsory.;La présence est obligatoire.;08/04/2019;16;12;0,75;;;;
Are you up to doing it?;En êtes-vous capables ?;08/04/2019;12;8;0,666666667;;;;
No one's forcing you.;Tu n'es pas obligé.;08/04/2019;14;8;0,571428571;;;;
Do you mind if I borrow your pen? I'd rather you didn't.;Puis-je emprunter ton stylo ? Je préfèrerais que non.;08/04/2019;9;3;0,333333333;;;;
He could'nt be doing with living in London.;Il ne pouvait pas supporter de vivre à Londres.;08/04/2019;8;2;0,25;;;;
There is little chance of that happening.;Il y a peu de chances que cela se produise.;08/04/2019;10;-2;-0,2;;;;
That's the least of my worries.;C'est le cadet de mes soucis.;09/04/2019;8;8;1;;;;
Do come in and make yourself at home.;Entrez donc, faites comme chez vous.;09/04/2019;8;8;1;;;;
He's making great strides with his research.;Sa recherche avance à grands pas.;09/04/2019;17;12;0,705882353;;;;
That's a weight off my mind.;Je suis vraiment soulagé. (expr.);09/04/2019;13;9;0,692307692;;;;
Nothing seems to trouble him.;Il ne s'en fait jamais.;09/04/2019;13;7;0,538461538;;;;
I don't get much enjoyment out of teaching.;Je n'ai guère de plaisir à enseigner.;09/04/2019;8;4;0,5;;;;
Would you like to go out for dinner with me tomorrow night? Sorry, I can't make it.;Aimerais-tu aller dîner avec moi demain soir ? Désolé, je ne peux pas.;09/04/2019;12;6;0,5;;;;
We don't have anything planned tomorrow afternoon.;Nous n'avons rien de prévu pour demain après-midi.;09/04/2019;8;0;0;;;;
How about meeting for a drink after work? That'd be nice.;Ca te dirait de prendre un verre après le travail ? Oui, ce serait sympa.;09/04/2019;9;-6;-0,666666667;;;;
a wildcard;une carte joker;29/04/2019;2;2;1;;;;
terse;laconique, concis;01/05/2019;3;-1;-0,333333333;;;;
the leniency;la clémence, l'indulgence;18/05/2019;6;6;1;;;;
a pun;un calembour;20/05/2019;2;2;1;;;;
upwind;au vent;20/05/2019;2;2;1;;;;
a pond;un étang;20/05/2019;6;6;1;;;;
puzzling;déroutant;20/05/2019;9;7;0,777777778;;;;
a quirk;une bizarrerie (q…);20/05/2019;8;6;0,75;;;;
verbose;prolixe;20/05/2019;7;5;0,714285714;;;;
the way to go;la marche à suivre;20/05/2019;4;2;0,5;;;;
innermost;intime;20/05/2019;8;4;0,5;;;;
a dye;un colorant;20/05/2019;3;1;0,333333333;;;;
to mutter;murmurer;20/05/2019;0;0;0;;;;
to look forward;avoir hâte;15/07/2019;3;3;1;;;;
piece work;le travail à la pièce;15/07/2019;11;9;0,818181818;;;;
from scratch;à partir de rien;15/07/2019;0;0;0;;;;
heretofore;jusqu'ici (h…);27/07/2019;3;3;1;;;;
a mower;une tondeuse;27/07/2019;4;4;1;;;;
an insole;une semelle intérieure;27/07/2019;5;5;1;;;;
the dean;le doyen;27/07/2019;8;8;1;;;;
the vertex (plural: vertices);le sommet (v…);27/07/2019;5;3;0,6;;;;
all-out war;la guerre totale;27/07/2019;0;0;0;;;;
an air conditioner;une climatisation;27/07/2019;0;0;0;;;;
spellbound;envoûtant (s…);27/07/2019;4;-2;-0,5;;;;
to shudder;frémir;27/07/2019;1;-1;-1;;;;
blandness;la douceur / la fadeur;27/07/2019;1;-1;-1;;;;
a dwelling;une habitation (d…);05/08/2019;2;2;1;;;;
a spark;une étincelle;05/08/2019;1;1;1;;;;
a millwright;un mécanicien de chantier;05/08/2019;5;5;1;;;;
a stake;un enjeu;05/08/2019;6;6;1;;;;
a spindle;une broche;05/08/2019;8;8;1;;;;
a wrinkle;une ride;05/08/2019;6;4;0,666666667;;;;
a plaintiff;un plaignant;05/08/2019;0;0;0;;;;
a limb;un membre;05/08/2019;0;0;0;;;;
beveled;biseauté;12/08/2019;2;2;1;;;;
a floral pattern;un motif floral;12/08/2019;8;8;1;;;;
a log;une bûche / un registre, un carnet de bord;12/08/2019;9;9;1;;;;
to partake;prendre part à;12/08/2019;8;6;0,75;;;;
an ember;une braise;12/08/2019;8;6;0,75;;;;
goofing (verb);gaffer;12/08/2019;4;-2;-0,5;;;;
rickety;rachitique;12/08/2019;1;-1;-1;;;;
a markup;un balisage;12/08/2019;2;-2;-1;;;;
skewed;faussé / assymétrique;14/10/2019;2;2;1;;;;
an anvil;une enclume;14/10/2019;7;5;0,714285714;;;;
slippery;glissant;14/10/2019;2;0;0;;;;
Tow away zone;Interdiction de stationner (zone d'enlèvement de voiture) / zone de remorquage maritime;18/10/2019;2;2;1;;;;
a chime;un carillon;18/10/2019;9;3;0,333333333;;;;
a brothel;une maison close;23/10/2019;1;1;1;;;;
drapes (common name);les teintures;23/10/2019;4;4;1;;;;
a potter;un potier;23/10/2019;3;3;1;;;;
pleated;plissé;23/10/2019;4;4;1;;;;
a vanload (expression);Le nombre de personnes pouvant être transportées dans un van (une dizaine);23/10/2019;5;5;1;;;;
a brushwork;un pinceau;23/10/2019;6;6;1;;;;
a blossom;une fleur (b…);23/10/2019;8;6;0,75;;;;
a laundromat;une laverie;29/10/2019;3;3;1;;;;
an ewer;une aiguière;29/10/2019;1;1;1;;;;
a feud;une querelle (f…);29/10/2019;3;-1;-0,333333333;;;;
the snout;le museau;29/10/2019;1;-1;-1;;;;
subsequently;par la suite;02/11/2019;3;3;1;;;;
seamless;sans couture;02/11/2019;5;5;1;;;;
a kiln;un four;02/11/2019;6;6;1;;;;
laity (common name);les laïcs;02/11/2019;9;9;1;;;;
mishaps (common name);les mésaventures;02/11/2019;7;3;0,428571429;;;;
disheartened;découragé;02/11/2019;3;1;0,333333333;;;;
unity bills;les factures d'électricité;02/11/2019;0;0;0;;;;
a ditch;un fossé;02/11/2019;0;0;0;;;;
a foray;une incursion (f…);06/11/2019;5;1;0,2;;;;
a straw buyer (illegal business);un acheteur de paille (armes, drogues, …);07/11/2019;8;8;1;;;;
lush;luxuriant;07/11/2019;9;9;1;;;;
towering;imposant (t…);07/11/2019;2;0;0;;;;
chirping (common name);un gazouillement, un pépiement;07/11/2019;0;0;0;;;;
to tear up;déchirer (to t…);07/11/2019;10;-4;-0,4;;;;
to hold true;être vrai;18/11/2019;1;1;1;;;;
readings;les lectures;18/11/2019;6;6;1;;;;
sintered;fritté;18/11/2019;5;-5;-1;;;;
a wasp;une guêpe;03/12/2019;2;2;1;;;;
featuring with;"""mettant en vedette avec""";03/12/2019;4;4;1;;;;
blatant;flagrant;03/12/2019;5;5;1;;;;
the scurvy;le scorbut;03/12/2019;8;6;0,75;;;;
a surrogate;un substitut;03/12/2019;0;0;0;;;;
utterly;tout à fait, totalement (u…);03/12/2019;1;-1;-1;;;;
a probe;une sonde;16/12/2019;8;8;1;;;;
a rule of thumb;une règle d'or;16/12/2019;15;13;0,866666667;;;;
a timeframe;une plage de temps;16/12/2019;7;5;0,714285714;;;;
a disclaimer;un avertissement (d…);16/12/2019;10;6;0,6;;;;
to cover;recouvrir;16/12/2019;5;-3;-0,6;;;;
upfront (adj.) / an upfront payment;franc / un paiement initial, à l'avance;17/12/2019;11;3;0,272727273;;;;
the causeway;la chaussée;27/12/2019;1;1;1;;;;
an omen;un présage;27/12/2019;0;0;0;;;;
I took an exam.;J'ai passé un examen.;27/12/2019;4;-2;-0,5;;;;
a nipple;un mamelon (n…);27/12/2019;1;-1;-1;;;;
a seizure;une saisie / une crise d'épilepsie;18/01/2020;2;2;1;;;;
to plunder;piller (p…);18/01/2020;1;1;1;;;;
a lad;un gamin, un jeune homme;18/01/2020;7;7;1;;;;
tar (common name);le goudron;18/01/2020;0;0;0;;;;
a repository;un dépôt, un entrepôt;27/01/2020;7;7;1;;;;
a horse sense;du bon sens;27/01/2020;4;2;0,5;;;;
nigh;près;27/01/2020;6;-2;-0,333333333;;;;
a lead time;un délai de mise en œuvre;11/02/2020;9;7;0,777777778;;;;
hay (common name);les foins;11/02/2020;6;4;0,666666667;;;;
a slat;une latte;11/02/2020;10;6;0,6;;;;
a guesswork;une conjecture;11/02/2020;11;3;0,272727273;;;;
painstaking (adj.);soigneux;26/02/2020;3;3;1;;;;
finicky;pointilleux;05/03/2020;7;7;1;;;;
nested;imbriqué;05/03/2020;1;1;1;;;;
fun-loving;aimer s'amuser (adj.);10/03/2020;7;7;1;;;;
to wring;essorer;10/03/2020;8;8;1;;;;
to wobble;osciller (w…);10/03/2020;8;-4;-0,5;;;;
tinder (common name);de l'amadou, du petit bois;13/04/2020;1;1;1;;;;
traffic lights;les feux de circulation;13/04/2020;0;0;0;;;;
a spool;une bobine;11/05/2020;1;1;1;;;;
sparingly;avec parcimonie;11/05/2020;2;2;1;;;;
the outline;le contour (o…);11/05/2020;8;6;0,75;;;;
an apex;un sommet (propre et figuré) (a…);11/05/2020;4;2;0,5;;;;
to rebounce;rebondir;18/05/2020;1;1;1;;;;
in his premises;chez lui;18/05/2020;8;8;1;;;;
to tweak;tordre (t…);18/05/2020;3;1;0,333333333;;;;
overhead (adj.) / an overhead (common name);aérien / un coût;18/05/2020;8;2;0,25;;;;
a leap;un saut (l…);18/05/2020;5;1;0,2;;;;
a girdle;une ceinture / une circonférence;18/05/2020;5;1;0,2;;;;
a jetty (in a haven);une jetée (dans un port);18/05/2020;0;0;0;;;;
a hemline;un ourlet;18/05/2020;0;0;0;;;;
a spinney;un bosquet;18/05/2020;0;0;0;;;;
a girth;une ceinture / une circonférence;18/05/2020;2;-2;-1;;;;
mashed potatoes;de la purée de pomme de terre;26/05/2020;9;9;1;;;;
a yam;une igname;26/05/2020;1;-1;-1;;;;
a logging;un enregistrement / une exploitation forestière;02/06/2020;1;1;1;;;;
arcane (adj.);ésotérique;02/06/2020;1;1;1;;;;
to pinpoint;préciser, mettre le doigt sur;02/06/2020;2;2;1;;;;
a scam;une arnaque;02/06/2020;6;6;1;;;;
a friar;un frère (moine);02/06/2020;6;6;1;;;;
The singsong voice of children reciting tables.;La voix chantonnante des enfants récitant les tables de multiplication.;02/06/2020;8;6;0,75;;;;
a blurb;une présentation;02/06/2020;5;3;0,6;;;;
to hover;flotter / voltiger (h…);02/06/2020;4;2;0,5;;;;
a hotgoblin;un lutin;02/06/2020;0;0;0;;;;
colorfast;teint dans une couleur qui ne fadit pas au lavage;22/06/2020;1;1;1;;;;
the takeoff;le décollage;22/06/2020;2;2;1;;;;
virtually;virtuellement / en pratique;22/06/2020;3;3;1;;;;
a spigot;un robinet;22/06/2020;3;3;1;;;;
alight;en feu, en train de brûler;22/06/2020;4;4;1;;;;
a glitch;un dysfonctionnement soudain (un bug);22/06/2020;1;1;1;;;;
an apple polisher (figurative expression);un cireur de pompes;22/06/2020;4;2;0,5;;;;
Go figure!;Allez comprendre !;22/06/2020;0;0;0;;;;
base (adjective);vil, ignoble;22/06/2020;2;0;0;;;;
likeness (common name);la ressemblance (l…);22/06/2020;5;-3;-0,6;;;;
a pitfall;un piège (p…);22/06/2020;5;-3;-0,6;;;;
to sing-song;chantonner, répéter d'une voix chantante (tables de multiplications, …);02/07/2020;1;1;1;;;;
whatever floats your boat;c'est comme tu veux (w…);02/07/2020;13;3;0,230769231;;;;
the skids;les patins;14/07/2020;1;1;1;;;;
to snap;casser / mordre / lâcher;14/07/2020;2;2;1;;;;
squarely (adv.);carrément;14/07/2020;3;3;1;;;;
the counterpart;l'homologue, l'équivalent;14/07/2020;7;7;1;;;;
in lieu of;au lieu de ;14/07/2020;12;11;0,916666667;;;;
stained;taché / coloré;14/07/2020;5;1;0,2;;;;
to go nuts;devenir fou;14/07/2020;0;0;0;;;;
a keg;un petit barril;14/07/2020;0;0;0;;;;
on the fly;à la volée;14/07/2020;7;-1;-0,142857143;;;;
dismayed;consterné (d...);14/07/2020;3;-3;-1;;;;
mating parts;des pièces d'accouplement;21/07/2020;1;1;1;;;;
a homemaker;une ménagère;21/07/2020;14;12;0,857142857;;;;
a pea;un pois;30/07/2020;1;1;1;;;;
The catch is ...;Le hic est ...;30/07/2020;6;4;0,666666667;;;;
seemingly;apparemment;30/07/2020;0;0;0;;;;
The bang for the buck;Le rapport qualité-prix, le retour sur investissement;03/08/2020;7;7;1;;;;
to knock out;assommer;03/08/2020;6;4;0,666666667;;;;
a bunch;un bouquet / un paquet, une poignée;03/08/2020;7;3;0,428571429;;;;
Way back when …;Il y a longtemps, quand ...;03/08/2020;13;3;0,230769231;;;;
One will do.;On verra.;10/08/2020;9;3;0,333333333;;;;
a dormitory;un dortoir;05/01/2021;4;4;1;;;;
pruning (common name);la taille (d'un arbuste);05/01/2021;5;5;1;;;;
fins (common name);les palmes (nageoires);25/01/2021;8;2;0,25;;;;
hunky dory (expr.);au poil;25/01/2021;0;0;0;;;;
a business day;un jour ouvré;05/02/2021;0;0;0;;;;
a nook;un coin;08/02/2021;0;0;0;;;;
a game (hunt.);un gibier;14/02/2021;5;5;1;;;;
a backache;un mal de dos;14/02/2021;0;0;0;;;;
a blurb;une présentation;15/02/2021;3;3;1;;;;
to predate;antidater / précéder;15/02/2021;9;5;0,555555556;;;;
to report on;faire un rapport sur;21/02/2021;2;2;1;;;;
to finish with;finir par;21/02/2021;0;0;0;;;;
to refine;peaufiner;22/02/2021;2;2;1;;;;
a thigh;une cuisse;22/02/2021;4;4;1;;;;
to turnaround;faire demi-tour (t…);22/02/2021;9;-1;-0,111111111;;;;
jammed;coincé (j…);22/02/2021;3;-1;-0,333333333;;;;
standalone;autonome (s…);22/02/2021;3;-1;-0,333333333;;;;
a recress;une récréation;24/02/2021;5;5;1;;;;
a stub;une extrémité / un talon / une souche;24/02/2021;5;1;0,2;;;;
a phrase book;un recueil d'expressions;03/03/2021;5;1;0,2;;;;
to season;assaisonner;07/03/2021;1;1;1;;;;
a locksmith;un serrurier;07/03/2021;2;2;1;;;;
a sell-by date;une date de péremption;07/03/2021;4;4;1;;;;
odd jobs;des petits boulots;07/03/2021;4;4;1;;;;
vintage (adj.);cru / ancien;07/03/2021;7;7;1;;;;
to burp;roter;07/03/2021;9;9;1;;;;
full-bodied;corsé, qui a du corps;07/03/2021;8;6;0,75;;;;
an occupational disease;une maladie professionnelle;07/03/2021;4;2;0,5;;;;
cinnamon (common name);la cannelle;07/03/2021;0;0;0;;;;
dairy products;les produits laitiers;07/03/2021;0;0;0;;;;
parsley (common name);le persil;07/03/2021;0;0;0;;;;
a deadlock;une impasse;07/03/2021;2;0;0;;;;
black ice (common name);le verglas;14/03/2021;4;4;1;;;;
damp (adj.);humide;14/03/2021;7;5;0,714285714;;;;
a whirlpool;un tourbillon;14/03/2021;6;4;0,666666667;;;;
a downpour;une averse (d…);14/03/2021;3;1;0,333333333;;;;
a warhead;une ogive;16/03/2021;1;1;1;;;;
dank (adj.);humide;16/03/2021;3;1;0,333333333;;;;
a doldrum;un marasme (d…);16/03/2021;6;2;0,333333333;;;;
a timestamp;un horodatage;17/03/2021;7;7;1;;;;
a war of attrition;une guerre à l'usure;21/03/2021;2;2;1;;;;
manly (adj.);viril;21/03/2021;3;3;1;;;;
a watercolour;une aquarelle;28/03/2021;0;0;0;;;;
an innuendo;une insinuation;28/03/2021;0;0;0;;;;
a curfew;un couvre-feu;12/04/2021;2;2;1;;;;
a sob;un sanglot;13/04/2021;2;2;1;;;;
a plug (techn.);une prise de courant;13/04/2021;12;10;0,833333333;;;;
a shanty town;un bidonville;13/04/2021;5;3;0,6;;;;
to stammer;balbutier (s…);13/04/2021;3;1;0,333333333;;;;
blinds (common name);des aveugles / des stores;13/04/2021;2;0;0;;;;
a wasteland;une terre desolée;13/04/2021;0;0;0;;;;
rot proof (adj.);imputrescible;13/04/2021;2;0;0;;;;
a tile;une tuile;13/04/2021;2;-2;-1;;;;
bed-ridden;alité;04/06/2021;3;3;1;;;;
a raft;un radeau;10/06/2021;6;6;1;;;;
a magnifying glass;une loupe;10/06/2021;7;5;0,714285714;;;;
a mice;une souris;19/06/2021;1;1;1;;;;
the rightmost, the leftmost;le plus à droite, le plus à gauche;19/06/2021;9;-1;-0,111111111;;;;
a flowerbed;un parterre de fleurs;24/06/2021;9;7;0,777777778;;;;
a marble;une bille;02/07/2021;11;9;0,818181818;;;;
a wheelbarrow;une brouette;05/07/2021;0;0;0;;;;
to earmark smthg to smthg;destiner qqch à un usage particulier (e…);05/07/2021;1;-1;-1;;;;
pushups (common name);des pompes (musculation);14/07/2021;1;1;1;;;;
a rationale;un raisonnement;15/07/2021;3;-3;-1;;;;
to doze;sommeiller;18/07/2021;2;2;1;;;;
in awe (expr.);en admiration;18/07/2021;6;6;1;;;;
an inconsistency;une incohérence;18/07/2021;6;6;1;;;;
the hare;le lièvre;18/07/2021;7;7;1;;;;
the tortoise (tortus');la tortue;18/07/2021;8;8;1;;;;
hawking (common name);le colportage;18/07/2021;0;0;0;;;;
swift (adj.);rapide (s…);21/07/2021;11;9;0,818181818;;;;
a down payment;un acompte / le premier versement;22/07/2021;3;-3;-1;;;;
gingerbread (common name);le pain d'épice;04/08/2021;0;0;0;;;;
like there’s no tomorrow (expr.);aussi vite que possible, sans planification particulière;10/08/2021;8;6;0,75;;;;
smoldering (adj.);fumant;14/08/2021;5;5;1;;;;
Macbeth is steeling himself to stab Duncan to death.;Macbeth se prépare à poignarder Duncan à mort.;17/08/2021;10;8;0,8;;;;
as opposed to;contrairement à;25/08/2021;8;-2;-0,25;;;;
hail (expr. / common name);salut / la grêle;26/08/2021;9;9;1;;;;
mock (adj.);faux (m…);31/08/2021;1;-1;-1;;;;
without further ado;sans plus tarder;01/09/2021;8;8;1;;;;
a tycoon;un magnat, un homme d'affaire important;03/09/2021;8;8;1;;;;
constabulary (common name);les forces de police;04/09/2021;4;4;1;;;;
barebones (adj.);réduit à l'essentiel;18/09/2021;11;7;0,636363636;;;;
to brag;se vanter, fanfaronner (b…);21/09/2021;2;-2;-1;;;;
a tab;un onglet / une étiquette;14/10/2021;2;0;0;;;;
a boulder;un rocher, un bloc de pierre;10/11/2021;5;5;1;;;;
a keystroke;une frappe de touche d'ordinateur;15/11/2021;2;2;1;;;;
a hand cracking;une manivelle;21/11/2021;1;1;1;;;;
lossy (adj.);non rentable (l…);21/11/2021;16;14;0,875;;;;
a fraudster;un fraudeur;21/11/2021;5;3;0,6;;;;
seaweed (common name);une algue;23/11/2021;0;0;0;;;;
a crank;une manivelle;24/11/2021;2;2;1;;;;
a turd;un con, un couillon (a t…);24/11/2021;15;13;0,866666667;;;;
a minesweeper;un chasseur de mine;24/11/2021;11;9;0,818181818;;;;
a broad swath;un large éventail;01/12/2021;7;7;1;;;;
a whisker;une moustache;01/12/2021;10;8;0,8;;;;
apace (adv.);rapidement, vite (a…);03/12/2021;7;3;0,428571429;;;;
with a fingersnip;en un claquement de doigt;04/12/2021;1;-1;-1;;;;
the seascape;le paysage marin;05/12/2021;10;8;0,8;;;;
hiccup (common name);le hoquet;19/12/2021;8;8;1;;;;
to grind to a halt;s'arrêter (to g...);30/12/2021;6;0;0;;;;
It would behoove you to learn from them as well.;Il vous appartiendrait d'apprendre d'eux également.;03/01/2022;7;5;0,714285714;;;;
a firehose;une lance à incendie;07/01/2022;0;0;0;;;;
feces (common name);des excréments;11/01/2022;1;1;1;;;;
a crate;une caisse, un cageot;16/01/2022;0;0;0;;;;
a gnat;un moucheron;17/01/2022;2;2;1;;;;
a backwater;de l'eau stagnante / un coin perdu;23/01/2022;4;4;1;;;;
to slither;glisser;23/01/2022;5;-1;-0,2;;;;
unwed (adj.);célibataire (u...);25/01/2022;9;9;1;;;;
head or tail;pile ou face;28/01/2022;19;15;0,789473684;;;;
a doe;une biche;30/01/2022;1;1;1;;;;
thighbone (common name);le fémur;30/01/2022;5;3;0,6;;;;
a thud;un bruit sourd;30/01/2022;5;3;0,6;;;;
hawthorne (common name);l'aubépine;01/02/2022;8;8;1;;;;
Finally, he blurts out his burning question.;Finalement, il laisse échapper sa question brûlante.;13/02/2022;19;15;0,789473684;;;;
scorched-earth policy;la politique de la terre brûlée;15/02/2022;8;8;1;;;;
to power up;mettre sous tension;28/02/2022;1;1;1;;;;
wads of cash;des liasses de billets;28/02/2022;5;3;0,6;;;;
a sieve;un tamis;06/03/2022;0;0;0;;;;
scads of;des tas de (s…);06/03/2022;2;-2;-1;;;;
No time to dillydally!;Pas le temps de lanterner ! / Pas de temps à perdre !;13/03/2022;2;2;1;;;;
on and on;encore et encore;16/03/2022;5;-5;-1;;;;
a snowflake;un flocon de neige;18/03/2022;3;3;1;;;;
a jiffy;un instant, une seconde (j…);20/03/2022;5;5;1;;;;
bellows (common name, singular);un soufflet, une soufflerie;20/03/2022;12;8;0,666666667;;;;
deflated;dégonflé;26/03/2022;6;6;1;;;;
up and running;opérationnel (u…);27/03/2022;6;4;0,666666667;;;;
serendipituous (adj.);fortuit, découvert par hasard et avec bonheur;15/04/2022;13;11;0,846153846;;;;
at the whim of …;au gré de …;16/04/2022;9;9;1;;;;
a water tower;un château d'eau;19/04/2022;4;4;1;;;;
a duct;un canal, une conduite;19/04/2022;3;3;1;;;;
a sickle;une faucille;24/04/2022;1;-1;-1;;;;
"""m subscript train""";"""m indice train""";29/04/2022;14;8;0,571428571;;;;
I'm getting ahead of myself.;Je prends de l'avance / Je vais trop vite.;03/05/2022;10;6;0,6;;;;
to embolden;enhardir;10/05/2022;6;6;1;;;;
a pod;une nacelle, une capsule / une sacoche;17/05/2022;2;2;1;;;;
idiosyncrasy (common name);la particularité (i…);21/05/2022;7;5;0,714285714;;;;
fungible;interchangeable (f…);25/05/2022;5;3;0,6;;;;
hop (common name);le houblon;26/05/2022;4;4;1;;;;
to ponder;peser le pour et le contre;02/06/2022;5;1;0,2;;;;
an abbot;un abbé;11/06/2022;8;8;1;;;;
an egress;une sortie, une issue;13/06/2022;5;5;1;;;;
a bolt;un boulon;09/07/2022;9;9;1;;;;
a rod;une baguette / une tringle;09/07/2022;8;4;0,5;;;;
a paper trail;un série de documents apportant la preuve de l'activité d'une personne ou d'une organisation;11/07/2022;1;1;1;;;;
unary minus;"le signe moins ""-""";25/08/2022;0;0;0;;;;
a speeding ticket;une amende pour excès de vitesse;29/08/2022;4;4;1;;;;
tweezers (common name);une pince à épiler;13/09/2022;2;2;1;;;;
acute accent (common name);l'accent aigu;14/10/2022;3;3;1;;;;
ruggedly;durement;01/11/2022;0;0;0;;;;
grouchy (adj.);grognon, grincheux;13/11/2022;2;-2;-1;;;;
a blind alley;une impasse;20/11/2022;1;-1;-1;;;;
sophomore;la deuxième année d'étude;23/12/2022;0;0;0;;;;
a skunk;une moufette;02/01/2023;7;7;1;;;;
bleeding edge (adj.);dernier cri;12/02/2023;0;0;0;;;;
by luck of the draw (expr.);par chance (expr.);25/02/2023;0;0;0;;;;
soft-spoken;à la voix douce;13/03/2023;5;3;0,6;;;;
mere mortals;simple mortels;24/06/2023;0;0;0;;;;
silverware;l'argenterie;01/07/2023;0;0;0;;;;
tufts of grass;des touffes d'herbe;17/07/2023;0;0;0;;;;
a slider;une glissière;26/08/2021;0;0;0;;;;
the Lent;le Carême;15/04/2018;0;0;0;;;;
a borough;un arrondissement, une municipalité;13/04/2021;0;0;0;;;;
a sprain;une foulure;05/09/2013;35;24;0.69;1.0;0.0;0.0;0.6875
a retort;une réplique. une riposte;12/09/2018;28;22;0.79;1.0;0.0;0.0;0.775
high-flown;ampoulé. (faussement) de haute volée;27/10/2018;33;24;0.73;1.0;0.0;0.0;0.7125
bankable;fiable. sûr de rapporter du succès dans les affaires;29/08/2018;31;23;0.74;1.0;0.0;0.0;0.7375
to flourish;prospérer. être en plein essor;13/12/2013;37;25;0.68;1.0;0.0;0.0;0.6625
retail (common name);la vente au détail;13/12/2013;31;23;0.74;1.0;0.0;0.0;0.7375
a stove;un fourneau. un four vapeur;14/10/2019;31;23;0.74;1.0;0.0;0.0;0.7375
sandstone (common name);le grès;13/04/2021;26;21;0.81;1.0;0.0;0.0;0.8
a bond;un lien / un titre. une obligation (fin.);13/12/2013;31;23;0.74;1.0;0.0;0.0;0.7375
to pass on;transmettre;05/09/2013;35;24;0.69;1.0;0.0;0.0;0.6875
chequered;à carreau;07/01/2019;26;21;0.81;1.0;0.0;0.0;0.8
to squeeze;écraser;10/12/2018;26;21;0.81;1.0;0.0;0.0;0.8
whims (common name);les caprices;27/05/2018;35;24;0.69;1.0;0.0;0.0;0.6875
a flint;un silex;08/02/2021;31;23;0.74;1.0;0.0;0.0;0.7375
a garbage;une ordure;13/12/2013;39;25;0.64;1.0;0.0;0.0;0.6375
an ignoramuse;un ignorant. un ignare;05/09/2021;24;20;0.83;1.0;0.0;0.0;0.825
wanting (adj.);manquant;22/06/2020;31;23;0.74;1.0;0.0;0.0;0.7375
a rating;une estimation. une évaluation. un taux;13/12/2013;28;22;0.79;1.0;0.0;0.0;0.775
the kinship;la parenté;07/01/2019;31;23;0.74;1.0;0.0;0.0;0.7375
high-flown;ampoulé. (faussement) de haute volée;27/10/2018;33;24;0.73;1.0;0.0;0.0;0.7125
rough;rude;18/10/2019;24;20;0.83;1.0;0.0;0.0;0.825
to reciprocate;rendre;17/07/2018;24;20;0.83;1.0;0.0;0.0;0.825
a clerical work;un travail de bureau;13/12/2013;28;22;0.79;1.0;0.0;0.0;0.775
glistening;brillant;18/07/2021;31;23;0.74;1.0;0.0;0.0;0.7375
aptly;pertinemment. avec justesse. à propos;08/09/2021;19;17;0.89;1.0;0.0;0.0;0.8875
duly;dûment. comme prévu. comme il faut;10/12/2018;26;21;0.81;1.0;0.0;0.0;0.8
